{"isInitialized":true,"BGM":0.5,"level":[{"levelNum":2,"objectivesCompleted":2,"bestTime":252.04190063476563,"timeLeft":238.22462463378907}]}