{"isInitialized":true,"Master":1.0,"BGM":0.5,"SFX":0.5,"level":[{"levelNum":0,"objectivesCompleted":2,"bestTime":166.01788330078126,"timeLeft":161.71380615234376}]}