{"isInitialized":true,"Master":0.5766783952713013,"BGM":0.3080035448074341,"SFX":0.037837713956832889,"level":[]}