{"isInitialized":true,"Master":0.9476082921028137,"BGM":0.7009840607643127,"SFX":0.7977222800254822,"level":[]}