{"isInitialized":true,"Master":0.4434763491153717,"BGM":0.3606080710887909,"SFX":0.29227814078330996,"level":[]}