{"isInitialized":true,"Master":0.9476082921028137,"BGM":0.7009840607643127,"SFX":0.7977222800254822,"level":[{"levelNum":2,"objectivesCompleted":2,"bestTime":278.37017822265627,"timeLeft":278.37017822265627},{"levelNum":3,"objectivesCompleted":2,"bestTime":278.13427734375,"timeLeft":278.13427734375}]}